{"cameraMode":{"drawMode":0,"name":"Shaded","section":"Shading Mode"},"sceneLighting":true,"audioPlay":false,"sceneViewState":{"showFog":true,"showMaterialUpdate":false,"showSkybox":true,"showFlares":true,"showImageEffects":true,"showParticleSystems":true},"in2DMode":false,"pivot":{"x":-0.004847055766731501,"y":0.9214023351669312,"z":-0.8213881254196167},"rotation":{"x":0.20846286416053773,"y":0.0017569211777299643,"z":-0.0003771413757931441,"w":0.9780471324920654},"size":7.821834087371826,"orthographic":true}