{"cameraMode":{"drawMode":0,"name":"Shaded","section":"Shading Mode"},"sceneLighting":true,"audioPlay":false,"sceneViewState":{"showFog":true,"showMaterialUpdate":false,"showSkybox":true,"showFlares":true,"showImageEffects":true,"showParticleSystems":true},"in2DMode":false,"pivot":{"x":0.4493408203125,"y":0.069091796875,"z":0.68408203125},"rotation":{"x":0.23479098081588746,"y":-0.002332680393010378,"z":0.0005556581309065223,"w":0.9720618724822998},"size":4.247087001800537,"orthographic":true}