{"cameraMode":{"drawMode":0,"name":"Shaded","section":"Shading Mode"},"sceneLighting":false,"audioPlay":false,"sceneViewState":{"showFog":true,"showMaterialUpdate":false,"showSkybox":false,"showFlares":true,"showImageEffects":true,"showParticleSystems":true},"in2DMode":false,"pivot":{"x":-0.7719438076019287,"y":-0.41820037364959719,"z":0.8554915189743042},"rotation":{"x":0.24314984679222108,"y":-0.38783952593803408,"z":0.10684473812580109,"w":0.882656455039978},"size":3.847890615463257,"orthographic":false}