{"cameraMode":{"drawMode":0,"name":"Shaded","section":"Shading Mode"},"sceneLighting":false,"audioPlay":false,"sceneViewState":{"showFog":true,"showMaterialUpdate":false,"showSkybox":false,"showFlares":true,"showImageEffects":true,"showParticleSystems":true},"in2DMode":false,"pivot":{"x":0.005571335554122925,"y":0.46000003814697268,"z":-0.0034894347190856935},"rotation":{"x":0.0011156313121318818,"y":0.9988000988960266,"z":-0.04078296199440956,"w":0.027276188135147096},"size":2.452108860015869,"orthographic":false}