{"cameraMode":{"drawMode":0,"name":"Shaded","section":"Shading Mode"},"sceneLighting":true,"audioPlay":false,"sceneViewState":{"showFog":true,"showMaterialUpdate":false,"showSkybox":true,"showFlares":true,"showImageEffects":true,"showParticleSystems":true},"in2DMode":false,"pivot":{"x":0.00008529272599844262,"y":0.5599187612533569,"z":0.0036143159959465267},"rotation":{"x":0.12344662845134735,"y":-0.10935688763856888,"z":0.013607888482511044,"w":0.9863418936729431},"size":5.648860931396484,"orthographic":true}