{"cameraMode":{"drawMode":0,"name":"Shaded","section":"Shading Mode"},"sceneLighting":true,"audioPlay":false,"sceneViewState":{"showFog":true,"showMaterialUpdate":false,"showSkybox":true,"showFlares":true,"showImageEffects":true,"showParticleSystems":true},"in2DMode":false,"pivot":{"x":0.00008529272599844262,"y":0.5599187612533569,"z":0.0036143159959465267},"rotation":{"x":0.17905165255069734,"y":-0.0023898808285593988,"z":0.00033334517502225935,"w":0.9839637279510498},"size":4.924986362457275,"orthographic":true}