{"cameraMode":{"drawMode":0,"name":"Shaded","section":"Shading Mode"},"sceneLighting":true,"audioPlay":false,"sceneViewState":{"showFog":true,"showMaterialUpdate":false,"showSkybox":true,"showFlares":true,"showImageEffects":true,"showParticleSystems":true},"in2DMode":false,"pivot":{"x":0.00008529272599844262,"y":0.5599187612533569,"z":0.0036143159959465267},"rotation":{"x":0.23772665858268739,"y":-0.006735427770763636,"z":0.00155029131565243,"w":0.9714335203170776},"size":2.9436841011047365,"orthographic":true}