{"cameraMode":{"drawMode":0,"name":"Shaded","section":"Shading Mode"},"sceneLighting":true,"audioPlay":false,"sceneViewState":{"showFog":true,"showMaterialUpdate":false,"showSkybox":true,"showFlares":true,"showImageEffects":true,"showParticleSystems":true},"in2DMode":false,"pivot":{"x":-2.0290000438690187,"y":0.45399999618530276,"z":0.6552734375},"rotation":{"x":-0.12737950682640077,"y":0.20292796194553376,"z":-0.02666926011443138,"w":-0.9705931544303894},"size":2.8578836917877199,"orthographic":true}