{"cameraMode":{"drawMode":0,"name":"Shaded","section":"Shading Mode"},"sceneLighting":true,"audioPlay":false,"sceneViewState":{"showFog":true,"showMaterialUpdate":false,"showSkybox":true,"showFlares":true,"showImageEffects":true,"showParticleSystems":true},"in2DMode":false,"pivot":{"x":1.291015625,"y":1.295654296875,"z":-2.364013671875},"rotation":{"x":0.2010945975780487,"y":-0.018511751666665078,"z":0.0037983516231179239,"w":0.9794526696205139},"size":5.91516637802124,"orthographic":true}