{"cameraMode":{"drawMode":0,"name":"Shaded","section":"Shading Mode"},"sceneLighting":true,"audioPlay":false,"sceneViewState":{"showFog":true,"showMaterialUpdate":false,"showSkybox":true,"showFlares":true,"showImageEffects":true,"showParticleSystems":true},"in2DMode":false,"pivot":{"x":-0.004847055766731501,"y":0.9214023351669312,"z":-0.8213881254196167},"rotation":{"x":0.2623966634273529,"y":-0.0011607162887230516,"z":0.0003150983538944274,"w":0.9649806618690491},"size":7.821834087371826,"orthographic":true}