{"cameraMode":{"drawMode":0,"name":"Shaded","section":"Shading Mode"},"sceneLighting":true,"audioPlay":false,"sceneViewState":{"showFog":true,"showMaterialUpdate":false,"showSkybox":true,"showFlares":true,"showImageEffects":true,"showParticleSystems":true},"in2DMode":false,"pivot":{"x":0.00008529272599844262,"y":0.5599187612533569,"z":0.0036143159959465267},"rotation":{"x":-0.001498941914178431,"y":-0.011411641724407673,"z":-0.00011856612400151789,"w":1.0000587701797486},"size":2.9580349922180177,"orthographic":true}