{"cameraMode":{"drawMode":0,"name":"Shaded","section":"Shading Mode"},"sceneLighting":true,"audioPlay":false,"sceneViewState":{"showFog":true,"showMaterialUpdate":false,"showSkybox":true,"showFlares":true,"showImageEffects":true,"showParticleSystems":true},"in2DMode":false,"pivot":{"x":0.5772018432617188,"y":0.896484375,"z":0.22265625},"rotation":{"x":0.19490361213684083,"y":-0.13283289968967439,"z":0.026720425114035608,"w":0.9715134501457214},"size":6.249756336212158,"orthographic":true}