{"cameraMode":{"drawMode":0,"name":"Shaded","section":"Shading Mode"},"sceneLighting":true,"audioPlay":false,"sceneViewState":{"showFog":true,"showMaterialUpdate":false,"showSkybox":true,"showFlares":true,"showImageEffects":true,"showParticleSystems":true},"in2DMode":false,"pivot":{"x":-0.004847055766731501,"y":0.9214023351669312,"z":-0.8213881254196167},"rotation":{"x":0.08390139043331146,"y":0.004779793322086334,"z":-0.00040446838829666376,"w":0.9964808225631714},"size":7.821834087371826,"orthographic":true}